Aamith,Bus 9 | Departure: 6:00 AM | Fare: ₹500
paddy,Bus 9 | Departure: 6:00 AM | Fare: ₹500
aamith,Bus 1 | Departure: 6:00 AM | Fare: ₹500
aamithhh,Bus 2 | Departure: 2:00 PM | Fare: ₹600
Aamith,Bus 3 | Departure: 6:00 AM | Fare: ₹500
Aamith,Bus 1 | Departure: 6:00 AM | Fare: ₹500
Aamith,Bus 3 | Departure: 6:00 AM | Fare: ₹500
Aamith,Bus 3 | Departure: 6:00 AM | Fare: ₹500
Aamith,Bus 4 | Departure: 2:00 PM | Fare: ₹600
Aamith,Route: Coimbatore → Palakkad, Comfort: Premium, Cost: ₹1000, Duration: 4 hrs
Aamith,Route: Palakkad → Chennai, Comfort: Premium, Cost: ₹1000, Duration: 4 hrs
Aamith,Route: Coimbatore → Palakkad, Comfort: Premium, Cost: ₹1000, Duration: 4 hrs
Aamith,Route: Palakkad → Chennai, Comfort: Premium, Cost: ₹1000, Duration: 4 hrs
Aamith,Route: Coimbatore → Palakkad, Comfort: Premium, Cost: ₹1000, Duration: 4 hrs
Aamith,Route: Coimbatore → Palakkad, Comfort: Premium, Cost: ₹1000, Duration: 4 hrs
Aamith,Route: Palakkad → Chennai, Comfort: Premium, Cost: ₹1000, Duration: 4 hrs
Aamith,Route: Coimbatore → Bangalore, Comfort: Premium, Cost: ₹1000, Duration: 4 hrs
